cervix_area,os_area,walls_area,speculum_area,artifacts_area,cervix_artifacts_area,os_artifacts_area,walls_artifacts_area,speculum_artifacts_area,cervix_specularities_area,os_specularities_area,walls_specularities_area,speculum_specularities_area,specularities_area,area_h_max_diff,rgb_cervix_r_mean,rgb_cervix_r_std,rgb_cervix_r_mean_minus_std,rgb_cervix_r_mean_plus_std,rgb_cervix_g_mean,rgb_cervix_g_std,rgb_cervix_g_mean_minus_std,rgb_cervix_g_mean_plus_std,rgb_cervix_b_mean,rgb_cervix_b_std,rgb_cervix_b_mean_minus_std,rgb_cervix_b_mean_plus_std,rgb_total_r_mean,rgb_total_r_std,rgb_total_r_mean_minus_std,rgb_total_r_mean_plus_std,rgb_total_g_mean,rgb_total_g_std,rgb_total_g_mean_minus_std,rgb_total_g_mean_plus_std,rgb_total_b_mean,rgb_total_b_std,rgb_total_b_mean_minus_std,rgb_total_b_mean_plus_std,hsv_cervix_h_mean,hsv_cervix_h_std,hsv_cervix_s_mean,hsv_cervix_s_std,hsv_cervix_v_mean,hsv_cervix_v_std,hsv_total_h_mean,hsv_total_h_std,hsv_total_s_mean,hsv_total_s_std,hsv_total_v_mean,hsv_total_v_std,fit_cervix_hull_rate,fit_cervix_hull_total,fit_cervix_bbox_rate,fit_cervix_bbox_total,fit_circle_rate,fit_circle_total,fit_ellipse_rate,fit_ellipse_total,fit_ellipse_goodness,dist_to_center_cervix,dist_to_center_os,consensus
0.457010481015,0.00168118334716,0.242887859003,0.21285945951699997,0.0,0.0,0.0,0.0,0.0,0.00175571277825,0.0,0.0,0.0830554993753,0.0185914233934,0.269797542433,39.3538507802,19.4173320398,19.9365187404,58.77118282,109.54338601399999,49.7534903329,59.7898956807,159.296876346,54.6428881687,27.7819646867,26.860923481900002,82.4248528554,41.2422303585,34.1963557306,7.045874627989999,75.4385860891,109.59234179100001,57.576639909700006,52.015701881000005,167.1689817,53.470240865,38.3443907705,15.1258500945,91.81463163549999,5.04994600408,2.98396615168,163.57697885,24.973041630100003,109.54420127600001,49.7536589822,5.07893624779,2.96802306455,162.268658773,33.5907919879,109.597126641,57.58451510810001,0.9185143308960002,0.497554001763,0.747442600368,0.611432210031,0.633924512845,0.7209225574250001,0.920286628238,0.49659580721,94.9486970932,0.518739790716,0.419375124606,0.0
0.513243865826,0.00571102681864,0.213780870156,0.251819183051,0.0797951265636,0.0,0.0,0.0175944616174,0.007207764089499999,0.00128836626316,0.0,0.000315038187851,0.0,0.000728595219436,0.107021600812,46.3223913846,17.7119573711,28.6104340135,64.0343487557,116.075086666,43.5931244958,72.4819621702,159.668211162,51.4309233647,18.5730163828,32.8579069819,70.0039397474,40.365564998,17.2590870268,23.1064779712,57.62465202479999,102.641858714,38.6069954699,64.0348632438,141.248854184,50.8052048638,18.0721009812,32.733103882600005,68.8773058451,5.17765422047,2.96921404681,156.242754012,25.49937913,116.081769772,43.58267107819999,5.07187900764,2.90900196418,158.343945925,28.2739276352,102.648278311,38.598299985,0.951710016606,0.539285976685,0.855409061728,0.599998163205,0.618139715459,0.8303039798139998,0.964610846842,0.532073496277,74.22167020259998,0.347202216044,0.36167198655,1.0
0.390319467815,0.00945411422798,0.272883628373,0.373487225513,0.0,0.0,0.0,0.0,0.0,0.00019604737247599997,0.0,0.000303865332445,0.0714415436347,0.0267590370298,0.442831491224,37.5529789651,14.4549745201,23.098004445,52.007953485200005,101.044905793,37.171973422600004,63.8729323708,138.216879216,53.9716714325,17.5916689007,36.380002531799995,71.5633403332,40.7172285217,38.8106989207,1.9065296011,79.5279274424,97.4461849775,48.1062526456,49.339932331899995,145.552437623,51.7330035266,39.866956432399995,11.8660470942,91.5999599591,4.97853365383,2.96468548255,158.160578166,30.308891394499998,101.050710956,37.163383494,5.0515865779,2.92353987743,157.131407352,39.439641776,97.45730370790001,48.1257469419,0.955995741727,0.40828578076,0.882989806355,0.442043005486,0.623938380205,0.625573742854,0.95760408636,0.407600044083,61.5465355553,0.437851921322,0.673195750808,1.0
0.553354263188,0.009471761863050002,0.0943145082288,0.0,0.0,0.0,0.0,0.0,0.0,0.00547698176108,0.0,0.0,0.0,0.0030307112069,0.362116143472,38.852383345,21.540482677800004,17.3119006672,60.3928660229,102.91098276700001,37.274137921,65.6368448465,140.18512068799998,52.2947860704,24.432822976999997,27.8619630934,76.7276090474,36.1490160903,18.2441212552,17.9048948351,54.3931373455,96.2688057161,34.8064572005,61.462348515600006,131.075262917,46.8829533209,21.687667046199998,25.1952862747,68.5706203671,5.04867359397,2.97062446584,160.620354368,29.441813508499997,102.914963752,37.2818816186,5.08343661438,2.96194172305,162.336182406,28.4463490289,96.2715639694,34.810869429099995,0.981534724154,0.563764326998,0.788692498183,0.701609644397,0.7356470044909998,0.7522007971359999,0.994046877711,0.55666817692,42.3385530239,0.558538696361,0.310021227798,1.0
0.512959762912,0.0176493638208,0.251530554179,0.178131314732,0.0,0.0,0.0,0.0,0.0,0.0078180304213,0.002081428758,0.0,0.292037851296,0.05603142143419999,0.128039281267,52.675531059099995,27.4988105446,25.176720514499998,80.1743416038,90.1616147773,36.6701510264,53.4914637509,126.831765804,82.2306450171,29.5946138517,52.6360311654,111.825258869,65.7499663254,51.2810121825,14.468954143,117.03097850799999,100.191305226,56.050782555,44.1405226713,156.242087781,76.45003306229998,35.218126991999995,41.2319060703,111.668160054,4.38398494119,2.88661992081,111.68865782799999,30.363056953,92.2954029495,35.4176535621,4.68854611665,2.69310052685,110.72914625799999,33.1089429361,101.40023755899999,55.343796905299996,0.9830818405570002,0.521787446121,0.8620255288,0.59506330819,0.7855657512789997,0.652981322157,1.00678586037,0.509502351097,39.771961093099996,0.365340420176,0.461573698425,1.0
0.56502110273,0.0101296104747,0.340475427289,0.0330074643494,0.0,0.0,0.0,0.0,0.0,0.0007747841530809998,0.0,0.0,0.108142336308,0.0040072737069,0.0922982205716,36.755535714299995,15.3990373352,21.3564983791,52.15457304939999,126.53859307399999,26.4548763042,100.08371676899999,152.993469378,53.963468614700005,13.9852118048,39.97825681,67.9486804195,35.1650574304,20.0921787772,15.0728786532,55.257236207700004,116.176010849,34.1464126518,82.02959819749998,150.322423501,48.989726195100005,20.498175035,28.4915511602,69.4879012301,5.0372360594,3.02712653426,182.36316017299998,21.289172653399998,126.538712121,26.4548873803,5.06579055083,3.01721402038,180.45647102799998,23.979877710100002,116.176901695,34.149647009,0.937471598316,0.602707435345,0.827041454941,0.683183532524,0.609441583307,0.927112816397,0.97333938042,0.58049752645,100.080223654,0.275810260803,0.295973230281,1.0
0.293491288071,0.00237178212782,0.0,0.43024029116,0.0,0.0,0.0,0.0,0.0,0.0,0.0,0.0,0.0459511433807,0.0197700333072,0.159567302788,35.0182843117,13.142112660599999,21.8761716511,48.16039697229999,111.874360361,34.6304308009,77.2439295602,146.504791162,53.1341681574,17.422003971800002,35.7121641856,70.55617212919998,39.493213043699996,36.3541261277,3.13908691598,75.84733917139998,111.43433152899999,54.2053481158,57.2289834134,165.639679645,52.3842054026,37.3292574886,15.054947914000001,89.7134628912,4.99709551063,3.03655233252,174.57921121599998,19.6578250097,111.874360361,34.6304308009,5.04225801901,3.00489016464,170.339969264,33.7070600079,111.440842966,54.222390121800004,0.982553474794,0.298702610697,0.7813804276989998,0.375606142241,0.791021327052,0.371028287145,0.987838252013,0.297104599334,46.050750159399996,0.361524163676,0.37673646691299995,1.0
0.489216406586,0.00347750850928,0.1719653751,0.0579018546584,0.0,0.0,0.0,0.0,0.0,0.000181470629144,0.0,0.0,0.08633821591119999,0.00508792123824,0.188712742816,34.2271858248,15.724485893499999,18.5026999313,49.9516717183,80.7713521686,44.435675688500005,36.335676480100005,125.20702785700001,44.1582028565,23.164600257600004,20.9936025989,67.3228031142,33.0523057896,21.7021541389,11.350151650699999,54.7544599284,76.52584063969998,43.3329013348,33.1929393049,119.858741974,41.5623071366,26.4918972181,15.0704099185,68.0542043546,5.099919942,2.8702961208099995,144.120696765,36.2937251565,80.8293950792,44.3773525147,5.1050223515,2.8766319081,146.171617849,36.904856274400004,76.5634826851,43.3057753273,0.953806287921,0.512909605212,0.8141087368999999,0.60092268319,0.557192305467,0.878002804034,0.977690542238,0.500379604232,113.944121329,0.163825409672,0.224643618052,1.0
0.446503295186,0.00739365078908,0.234095999293,0.0888844509689,0.0,0.0,0.0,0.0,0.0,0.00172091101138,0.0,0.0,0.0,0.000768392437304,0.292822318257,37.398962525,16.1701468022,21.2288157228,53.5691093272,66.4871889628,22.4663016925,44.020887270299994,88.9534906552,42.562310092800004,16.664261891600002,25.898048201199998,59.226571984399996,35.566608297399995,14.3109552698,21.2556530276,49.8775635672,62.4674642437,23.6454132414,38.822051002399995,86.1128774851,41.9674673051,18.0913711914,23.876096113699997,60.0588384964,5.09857973271,2.8196407661,119.47082614799999,35.8614215847,66.5833607073,22.374344068699997,5.08541892479,2.7321030562,118.824059561,36.8208347717,62.7938626567,23.3650221787,0.972755274795,0.459008865596,0.8316397559139997,0.536895082288,0.702655298359,0.635451403026,1.00112555095,0.446001298002,67.46638154600001,0.127936343383,0.24992121553,0.0
0.407628136237,0.00691967372764,0.12187051005699999,0.338940695302,0.0,0.0,0.0,0.0,0.0,0.0012616953103,0.0,0.0,0.00296250770114,0.0015184169279,0.19536515462,20.953666709100002,13.418204776,7.535461933179999,34.3718714851,52.588824839,21.799189599899996,30.789635239099997,74.3880144389,32.6615593352,14.536996891800001,18.1245624434,47.1985562271,21.906531641799997,20.5053084127,1.40122322915,42.4118400545,45.5364634355,27.547184718,17.9892787176,73.08364815349998,27.6332472081,16.262777022,11.370470185999999,43.896024230100004,4.89597325356,2.85087285615,154.352968074,45.4396897109,52.6975480312,21.6928630383,4.9889554805,2.7269788316,147.255819578,49.386690594899996,45.9347080721,27.7883575043,0.957826571359,0.425576141262,0.844972690569,0.482415752351,0.692366198275,0.588746442637,0.9912984110730002,0.411206284287,54.286362832600005,0.36539431939000006,0.224893945317,0.0
0.817622232082,0.0105684243231,0.0644692239651,0.0822116040284,0.0,0.0,0.0,0.0,0.0,0.00402124885039,0.0,0.0,0.0,0.00328786246082,0.310875587697,34.2062689548,18.77839463,15.4278743247,52.984663584799996,139.049066425,44.1524739016,94.89659252370001,183.201540327,50.573390224099995,20.2304075166,30.3429827075,70.80379774070002,33.1414576803,17.5019575221,15.639500158199999,50.6434152023,125.43578565799999,49.665730547799996,75.77005511049998,175.10151620599999,45.52549471,21.5325562212,23.9929384888,67.0580509312,5.09035160144,3.03038233903,191.420835935,25.5080318507,139.050020007,44.1549086612,5.14403824436,2.98652158466,188.137428977,26.719285725,125.437757151,49.665875442600004,0.993262033014,0.823168715713,0.828806409483,0.986505681818,0.578521429842,1.41329636191,1.01747547694,0.8035793005489998,224.792333847,0.359714269135,0.491218574356,1.0
0.8616450020939997,0.00966027942329,0.0445051507084,0.07914075945819998,0.0,0.0,0.0,0.0,0.0,0.000515168131163,0.0,0.0,0.0,0.000443892045455,0.0803298357864,16.1912063334,18.8423545646,-2.65114823122,35.0335608981,71.6650418915,45.409309629700005,26.2557322618,117.074351521,20.9575049702,22.2436786248,-1.28617365459,43.201183594899994,14.0999767339,18.2713358597,-4.17135912572,32.3713125936,63.668783062299994,46.7420030159,16.9267800464,110.41078607799999,18.1699892241,21.8046310532,-3.6346418290199995,39.9746202773,5.155341991,2.96242018065,214.470700795,43.3165239216,71.6714037205,45.4046204696,5.16892851498,2.97152224741,218.534972571,42.6148791002,63.6756557357,46.7372986255,1.0004141172,0.861288327782,0.922470756477,0.934062132641,0.613086759031,1.40542099369,1.03783359871,0.830234252547,229.598170807,0.351230218726,0.345415014481,1.0
0.598939377132,0.007697094070779999,0.4008908094,0.0,0.0,0.0,0.0,0.0,0.0,0.00280607218025,0.0,0.0,0.0,0.00168066712382,0.441081514077,6.08985693783,16.8122847323,-10.7224277945,22.9021416702,65.0468412424,31.7067588908,33.3400823515,96.7536001332,6.80527506653,16.58493304,-9.77965797351,23.3902081066,4.62527245788,13.311733954200001,-8.68646149631,17.9370064121,56.5977511511,27.501712324,29.096038826999997,84.09946347509998,4.94438185737,13.1721764115,-8.22779455416,18.1165582689,5.21969294792,3.0593555591,244.028745231,20.7100573872,65.04895065609999,31.7148939723,5.22959599473,3.06840920816,245.95774759999998,17.2220441218,56.59901547810001,27.507722328000003,0.997390592206,0.600506343064,0.895262753855,0.669009600313,0.579421689684,1.0336847719,1.03343672875,0.579560761168,107.766307044,0.327324379706,0.662530021877,1.0
0.580885774421,0.014224762201100001,0.457848779696,0.0,0.0,0.0,0.0,0.0,0.0,0.00188142467466,0.0,0.0,0.0,0.00109289282915,0.0870404488221,8.55918562849,18.291634963,-9.73244933455,26.8508205915,61.353208377399994,32.4017099348,28.9514984427,93.75491831219999,10.0432292736,18.8079354134,-8.764706139799998,28.851164686999997,5.57467794867,14.4876768707,-8.91299892202,20.0623548194,43.5878783797,33.3059685662,10.2819098135,76.89384694589998,6.38879126665,15.059781615699999,-8.670990349029998,21.4485728823,5.21091426293,3.0367229137,236.231905341,24.3064149975,61.3553558928,32.4101211665,5.21722243191,3.03638713238,238.239009845,29.5112804088,43.5915336011,33.308519013200005,0.936652253789,0.62017229134,0.8928689165069998,0.65058348844,0.543975584989,1.06785265819,0.9691447693170001,0.599379775666,90.8149098566,0.34781747880099995,0.361741986828,1.0
0.245499720999,0.00137940878742,0.0583156136671,0.515989861854,0.0,0.0,0.0,0.0,0.0,0.0157243768649,0.0,0.00020998317664200003,0.106172601041,0.0586488538401,0.0251516189255,95.9575955903,47.769306559300006,48.1882890311,143.72690215,138.623859946,65.5342056807,73.0896542653,204.158065627,28.0036332417,24.125987954699998,3.87764528695,52.1296211964,77.3704631172,57.210155623999995,20.160307493199998,134.580618741,127.642079129,70.8680676986,56.7740114305,198.510146828,24.4849260384,49.7696476627,-25.284721624299998,74.2545737011,5.83110253888,2.99253207953,204.693227488,44.316192193,138.68446789200001,65.5603776331,5.69644271756,2.90288893814,205.441372575,76.4725432205,127.692805275,70.87652550430002,0.956546117618,0.256652258033,0.868482714189,0.282676577194,0.654582429469,0.375047831942,0.980797867799,0.250306132445,57.6094142947,0.594360613661,0.604944702652,1.0
0.510919612261,0.008079975720699998,0.469788989508,0.0,0.0,0.0,0.0,0.0,0.0,0.000443392666807,0.0,0.0,0.0,0.000226538009404,0.22530966642499997,21.930343882600003,19.4451789232,2.4851649594,41.3755228057,70.4141370624,36.7547772452,33.659359817100004,107.168914308,24.191208764899997,17.0062834582,7.18492530673,41.1974922231,15.8304852812,18.2181194895,-2.38763420839,34.0486047707,53.406158160299995,40.8357686353,12.5703895249,94.2419267956,17.4612834297,17.4476739148,0.013609514846700001,34.9089573445,5.15683285009,2.94003870697,198.260685372,35.4643640591,70.4227176716,36.7414753527,5.11358973274,2.849352749,194.18874902,63.308798850100004,53.424290385,40.8146116732,0.983308333703,0.519592476489,0.839951266572,0.608272923197,0.601534744187,0.849360102968,0.983905419972,0.519277160071,105.326119713,0.321566794705,0.31414985793,1.0
0.7541408555,0.007659493803399999,0.274334035877,0.023821546153700003,0.0,0.0,0.0,0.0,0.0,0.00280095403408,0.0,0.00300180134337,0.0,0.0029358101489,0.167954850818,16.5622837721,18.3041461523,-1.74186238015,34.8664299244,71.90720604160002,40.158154952,31.7490510896,112.065360994,29.1344922269,24.324127825399998,4.81036440157,53.4586200523,16.2728252351,18.8833187911,-2.61049355603,35.1561440262,67.1571255388,40.76422713,26.3928984088,107.921352669,25.502265380100003,25.081108163099998,0.421157217013,50.5833735432,5.05689252679,2.89746263321,204.377166335,34.411810872,71.9320481674,40.1359208279,5.11947999166,2.88023628246,207.13987191400003,35.0558705527,67.181404903,40.7436898584,0.983239013084,0.766996473354,0.907955370798,0.830592427508,0.650259099106,1.15975440641,1.00107947161,0.7533276596789998,117.213165086,0.396748124811,0.390839988552,1.0
0.290551444177,0.00478332545793,0.0,0.260486056688,0.0463686689409,0.00684026147269,0.0,0.0,0.00786790169317,0.0261930502441,0.0,0.0,0.104108669182,0.0340878477665,0.138691384586,107.977401664,41.4622548163,66.5151468478,149.43965648,174.27994200700002,59.061408601400004,115.218533406,233.341350608,38.779448226599996,32.0847020745,6.69474615209,70.8641503011,69.861196488,58.1154334892,11.745762998800002,127.976629977,121.922435222,79.304107556,42.6183276664,201.22654277799998,21.2755896111,40.2870657868,-19.0114761757,61.5626553979,5.77063114007,3.08709298846,204.08768280400002,30.580196016,174.281759539,59.063522676800005,5.63205524562,2.89162317911,210.15842047900003,69.7808410376,121.94139706600001,79.3217876866,0.938702897387,0.309524392633,0.767212892853,0.378710325235,0.654516002806,0.443918014122,0.9637429813770002,0.301482293299,54.6138905676,0.626685699366,0.665123668244,1.0
0.599267491087,0.00585703398718,0.203876609176,0.151285720254,0.0,0.0,0.0,0.0,0.0,0.00496540762018,0.0,0.0,0.047714873776,0.010194210423200002,0.113516958993,11.8272104401,23.2063962211,-11.379185780999999,35.0336066612,89.99509216229998,39.693652184899996,50.30143997729999,129.688744347,20.5569936688,24.5701023911,-4.01310872235,45.1270960599,10.775831455699999,26.965027060900002,-16.1891956052,37.7408585166,73.4236750588,46.235124703000004,27.1885503558,119.658799762,17.1018043446,28.989573655999997,-11.887769311400001,46.0913780006,5.12589014032,3.01863999308,232.53879589599998,27.9390218455,90.0004540515,39.7119275685,5.15261964264,3.00079311851,233.1070637,34.9023103069,73.4379989959,46.2674900703,0.978639491512,0.612347546042,0.8861350497429998,0.676271061912,0.735177169711,0.8151334341939998,0.993908839468,0.602940096003,58.8008042354,0.5,0.476774210525,1.0
0.41703166464,0.0117802548651,0.0,0.341041655149,0.0,0.0,0.0,0.0,0.0,0.0197962090374,0.00124659020913,0.0,0.0893289458598,0.0384016682331,0.408469029645,113.41217020100001,44.857151536,68.5550186649,158.269321737,170.365455945,65.014229179,105.35122676600001,235.37968512400002,55.13478899850001,27.6335918079,27.5011971906,82.7683808064,91.0006608318,55.1120000072,35.8886608246,146.112660839,142.335849389,73.8977456226,68.4381037665,216.233595012,43.228471569499995,39.7491826917,3.47928887781,82.9776542613,5.76987167938,3.07536657698,172.866960599,27.2157461073,170.367660438,65.0156540504,5.74707481449,3.0498352028,182.39585291400002,36.6591373176,142.353251292,73.9040852383,0.937605263976,0.444783834586,0.72149868484,0.578007518797,0.748273677049,0.55732505022,0.967273688998,0.431141329887,37.4847564979,0.5129057049,0.287083552104,1.0
0.934261815032,0.00910461902237,0.109418158672,0.0104234496012,0.0215797202502,0.0230981507571,0.0,0.0,0.0,0.00148108231523,0.000671158638695,0.0,0.0,0.00138371865204,0.10374071843499999,32.734025412600005,17.2520106315,15.482014781199998,49.9860360441,91.43048860360001,42.0899237327,49.3405648709,133.520412336,43.235921535200006,18.6078582129,24.6280633224,61.843779748100005,33.035407278600005,16.9710658927,16.0643413859,50.0064731713,91.2129732808,41.230139010500004,49.982834270299996,132.443112291,42.566510335,18.5257208255,24.040789509499998,61.0922311606,5.05685148583,2.9067968973400005,162.642703694,38.194381085100005,91.4507892324,42.0772489577,5.07610113642,2.90116959974,163.141231142,37.5135968543,91.2321371718,41.2179543829,0.9840619990360001,0.949393245494,0.9416298286049999,0.992175254702,0.54916840411,1.7012300927,1.02787837002,0.908922536246,297.547624193,0.509215798266,0.41767448037,1.0
0.349533178034,0.00349300721464,0.276586822523,0.271268125442,0.0,0.0,0.0,0.0,0.0,0.00179545620267,0.0,0.000314207300426,0.017130986214,0.00528078467868,0.264403431298,44.4217994984,22.1650829848,22.2567165137,66.5868824832,129.32853036,47.658938068000005,81.6695922921,176.987468428,69.2048006431,29.3870492532,39.817751389899996,98.59184989629999,35.88383498240001,23.720544425,12.1632905574,59.604379407399996,89.64574047319998,50.0526542934,39.593086179699995,139.698394767,46.0584559904,31.624683013800002,14.4337729766,77.6831390042,4.95702983152,2.97486465707,166.331571175,30.3655349256,129.330522618,47.6586049068,5.12220958631,2.88305221607,156.028118265,34.7580653119,89.6750342868,50.027978073,0.981856181722,0.355992236481,0.821134498906,0.42567104232,0.621097781829,0.562766746654,0.9968839803370002,0.350625734718,100.69690692399999,0.263680853924,0.301314489061,1.0
0.325626839196,0.00707182755547,0.11997750706900001,0.311454923858,0.0279469149533,0.0,0.0,0.021827232884400003,0.0,0.00202128534208,0.0,0.0,0.105918480529,0.0336500783699,0.08272183537499998,29.5960192845,16.6981509563,12.8978683283,46.2941702408,107.37263398799999,41.7530594025,65.6195745855,149.125693391,47.010561464700004,21.5829749631,25.427586501599997,68.5935364279,37.5155576509,43.3254408672,-5.80988321634,80.84099851809998,116.192134845,52.1031791053,64.0889557399,168.29531395,51.927403752,43.6867008934,8.24070285858,95.6141046453,5.02433111313,3.0167388255,184.47490948700002,24.5300650704,107.37348753399999,41.7560339497,5.04764201209,2.99172697383,180.15844497,40.5820262054,116.199136094,52.121139017299996,0.979799014235,0.33234044377,0.78407755259,0.415299275078,0.652579278197,0.498984338111,0.978537095191,0.332769029193,96.90426143459999,0.491705142036,0.493230415068,0.0
0.443454948349,0.012389252086,0.311020059719,0.197739241906,0.0,0.0,0.0,0.0,0.0,0.000890532072542,0.0,0.0,0.108247509993,0.0217996914185,0.0821186168146,41.788612899200004,14.8109305772,26.977682322,56.599543476499996,130.04357175299998,28.714260870500002,101.32931088299999,158.757832624,61.0827118971,16.4863979568,44.5963139403,77.5691098539,41.94808606,35.3323242601,6.61576179982,77.2804103201,114.78131428799999,47.9101475105,66.87116677729999,162.691461798,54.0272457876,36.5005412009,17.5267045867,90.5277869885,5.01187739927,3.01575108299,173.487573573,21.0009840837,130.043619998,28.7144692565,5.0685996158,2.96476678724,168.00733493299998,33.9196697899,114.78447663600001,47.9187952018,0.980992114583,0.452047413793,0.825115172066,0.53744612069,0.605985116782,0.731791814795,1.00093434038,0.443040997257,109.427773108,0.310093815302,0.324978185468,1.0
0.551798822242,0.00666147802185,0.12378943226,0.317409956243,0.0,0.0,0.0,0.0,0.0,0.00149238498568,0.0,0.0,0.0140041073571,0.00526853938088,0.312711493275,37.8571017062,16.5033210128,21.353780693399997,54.360422719,110.23205739,39.4353241673,70.7967332225,149.667381557,52.3631121205,21.4439511004,30.919161020100002,73.807063221,34.3619618192,21.3959307668,12.9660310524,55.7578925859,100.08508951299999,37.6991395589,62.3859499542,137.78422907200002,45.788722693000004,25.043116699299997,20.7456059937,70.8318393923,5.06212931232,2.98432037292,167.37398626200002,26.5020484514,110.23405162899999,39.438615580100006,5.08817296734,2.97336830156,171.408102101,29.0434693332,100.087330403,37.7059525266,0.98318021992,0.561238734326,0.839153046483,0.657566369514,0.686508717521,0.803775404682,1.01714573714,0.542497306034,88.8088515363,0.128287696859,0.355837678903,1.0
0.62739885384,0.00396347875945,0.33565893148,0.0406107738452,0.0220295548666,0.0351125201007,0.0,0.0,0.0,0.00578207858162,0.0,0.0,0.0,0.00362766947492,0.151677884865,32.4545180033,22.3911802254,10.0633377779,54.8456982288,95.8853026695,55.7273661228,40.1579365466,151.612668792,46.9192199607,31.472611749099997,15.446608211600001,78.3918317098,30.536478742199996,18.5192011967,12.017277545499999,49.055679938800004,80.64900996769998,50.219362152600006,30.429647815,130.86837212,38.3428683386,28.1065128169,10.2363555217,66.4493811555,5.14161712396,2.82935738972,164.814735807,39.855255256599996,96.05007719540001,55.5499046264,5.259099275,2.7929815605,160.70657511299999,37.2395959002,80.80719778609999,50.075628152200004,0.946245833064,0.663040017633,0.702607562824,0.892957729232,0.573962738062,1.09310032208,0.927338214134,0.676558826411,122.308655303,0.341738496304,0.342051179976,1.0
0.520795180827,0.00600609047498,0.213452840237,0.0819533002758,0.0523479037971,0.00975792943711,0.0,0.000175702631957,0.00237252337842,0.0,0.0,0.0,0.0,0.0,0.357335760028,18.2690376741,7.0554966647,11.2135410094,25.3245343388,50.169911131199996,16.172167640799998,33.9977434904,66.3420787719,31.2706135289,11.4537234235,19.8168901054,42.7243369525,20.2994679418,11.771175984700001,8.52829195712,32.070643926500004,50.567431793699996,25.41253181,25.1548999837,75.9799636037,26.783971517399998,11.4593296663,15.324641851099999,38.2433011838,4.86282792942,2.88358260349,160.305639686,38.3658390177,50.2029044938,16.133809228900002,4.9896204011,2.82525162294,157.133669671,41.241719694400004,50.60470954149999,25.379486480500002,0.9068421701210002,0.574295283111,0.719923787106,0.723403213166,0.617815155646,0.84296277951,0.951810347154,0.547162764498,226.501622928,0.294868564435,0.450687667265,1.0
0.48632253058,0.0178730686044,0.21171130678,0.245661839138,0.0399983648926,0.0,0.0,0.0031679657516999996,0.00156316560803,0.00366359919331,0.0,0.0009543534394380001,0.0,0.00245212088558,0.0782691025557,113.9087868,46.3955796642,67.5132071361,160.304366464,67.3480450721,30.9462950779,36.4017499942,98.2943401501,191.46769873099998,51.5384317389,139.929266992,243.00613047,101.608208635,41.3929871758,60.2152214596,143.001195811,61.5376573521,26.7999896816,34.7376676705,88.3376470336,183.92700578,53.0774064633,130.849599316,237.004412243,4.56660411376,3.04744244083,167.333280934,23.2775549024,191.471804771,51.5432871702,4.61109113296,3.04693667219,170.203128061,21.391209266700002,183.929956897,53.0804476025,0.946413109821,0.513858615792,0.8759624633949998,0.555186495886,0.604087677318,0.8050528902339998,0.964173828766,0.504393000588,84.4375736528,0.466574971272,0.491928229671,1.0
0.613026475774,0.00775690394692,0.09130336548800001,0.235390339276,0.0,0.0,0.0,0.0,0.0,0.00110862100589,0.0,0.0,0.0101631146444,0.00307356974922,0.333753731976,124.98815399799999,43.919992459,81.068161539,168.90814645700002,77.2442739338,24.3480147831,52.8962591507,101.592288717,179.98589049400002,66.82980712220001,113.15608337200001,246.815697617,117.528096836,40.9448480944,76.5832487415,158.47294493,76.3912372649,24.552771498000002,51.83846576689999,100.944008763,157.002243951,64.4143283326,92.5879156182,221.416572283,4.42737398648,3.0142812304000004,139.189157119,26.866523815,180.152163291,66.5998935687,4.3335755657,2.94202643517,122.464963142,32.9748696204,157.54724542,63.9390013268,0.96898632751,0.63264718848,0.7695778593519998,0.796574990204,0.65174937597,0.940586210553,0.9883654801470002,0.620242701803,88.0334121832,0.593152393853,0.364538693102,1.0
0.563716810441,0.00494037740488,0.218895635008,0.227686174146,0.0,0.0,0.0,0.0,0.0,0.00581074947977,0.00127089813375,0.0,0.0016210895926,0.00366746669279,0.363793189112,105.992332303,50.5400092919,55.4523230112,156.532341595,58.444829456099995,29.833396651100003,28.611432805,88.2782261073,184.418518519,77.80881688489998,106.60970163399999,262.227335403,108.09413572700001,47.2964490244,60.7976867025,155.390584751,62.4177360893,28.309231555100002,34.1085045342,90.7269676444,170.246234571,72.5950934463,97.65114112459999,242.841328017,4.52149986747,3.0080582263,165.572750935,36.0243433407,184.47963234099998,77.7797608569,4.45008173014,2.97826475496,152.824534066,35.9714182405,170.416159507,72.4372317199,0.954447097037,0.590621326411,0.820028404762,0.687435712187,0.7212492963379998,0.781583861922,0.995515396637,0.566256245102,61.2007538225,0.467773334351,0.416020985731,1.0
0.306174823476,0.00155626930435,0.122676334689,0.316626149137,0.0,0.0,0.0,0.0,0.0,0.0010798505148099998,0.0,0.0,0.0927138851427,0.0296887245298,0.137977879925,127.702749072,36.5279103273,91.1748387451,164.2306594,83.192993656,24.0915976803,59.101395975699994,107.284591336,162.713412201,41.913871254,120.79954094700001,204.627283455,121.569917589,55.556908676899994,66.0130089122,177.126826266,85.1029645866,43.3441349929,41.7588295937,128.447099579,129.321304369,50.030259296800004,79.29104507239998,179.35156366599998,4.34362625466,2.97806571799,125.638999721,16.1832462378,163.947183099,41.6818414428,4.08942441967,2.68839755965,98.6921072933,28.720601402199996,138.193077733,56.103098150200005,0.974793792761,0.314091888715,0.800661600279,0.382402282524,0.7592607725269997,0.403253841834,0.98474683829,0.310917295259,40.24841689,0.261678090635,0.233486379579,0.0
0.546982014299,0.00238654851635,0.127955774786,0.162019684196,0.150849307444,0.0,0.0,0.0445928494869,0.00986225417258,0.0145235798321,0.0,0.0,0.154256891348,0.0329367897727,0.218397833779,116.29360760700001,68.991650488,47.301957118999994,185.285258095,72.0764047957,43.8673370266,28.2090677691,115.943741822,152.976591394,88.8912469012,64.0853444929,241.867838295,110.44358591299999,63.1003443675,47.3432415455,173.54393028099997,73.379123604,46.35494140229999,27.0241822017,119.73406500600001,138.61253122600002,78.8289928451,59.7835383804,217.44152407099998,4.29892755998,2.91535519443,125.90358336,33.3291615765,153.48890465600002,88.2764239272,4.26673201211,2.91049440828,113.986025054,34.4307678153,139.12430201799998,78.3226148978,0.951177863051,0.5750575529,0.767979148884,0.712235501567,0.607099144838,0.900976420325,0.9682232853910001,0.564933752939,122.758926658,0.36093226676,0.403943916643,0.0
0.531829682794,0.010820725478700001,0.242431061374,0.212771905637,0.0,0.0,0.0,0.0,0.0,0.00265361377478,0.0,0.00603599670553,0.0,0.00287458365987,0.259652750072,86.0383348755,37.3977024944,48.6406323812,123.43603737,46.5386825907,22.176876301500002,24.3618062892,68.71555889220001,182.917743817,73.9766567939,108.941087023,256.894400611,89.0808128429,37.8075682319,51.273244611,126.888381075,49.6927991526,23.3858088352,26.306990317399997,73.0786079879,186.763580035,63.681163223999995,123.082416811,250.444743259,4.63689877088,3.05427208399,184.83339559599997,23.561587737800004,182.921272695,73.97986261939998,4.64716614381,3.05586565772,184.989582313,21.9362695432,186.767991404,63.6856097441,0.975585051427,0.545139229036,0.817546480229,0.650519200627,0.69200513793,0.7685342978589998,0.988789418383,0.537859399491,70.6856351278,0.147238565514,0.294944881114,1.0
0.7854816507809999,0.007657308858099999,0.159229064863,0.0722335231114,0.0,0.0,0.0,0.0,0.0,0.00706985650057,0.0,0.0,0.0,0.00555324255486,0.346810827119,124.20449256299999,34.091434403600005,90.11305815940001,158.295926967,62.6500790012,23.428681397,39.2213976043,86.0787603982,211.713482359,35.9729960914,175.74048626799998,247.68647845,111.165100289,40.072365285100005,71.0927350039,151.237465574,56.756829814899994,23.871559994299997,32.8852698205,80.6283898092,188.396539479,58.590832436499994,129.805707042,246.987371915,4.51777150888,3.06065188075,179.687310767,21.446631644100002,211.826796597,35.9997560882,4.49489083663,3.03146638807,174.12320606400002,28.4037055825,188.553193574,58.4808310245,0.9940850342980002,0.790155392829,0.797371829382,0.985088288597,0.555129317343,1.4149525637399998,0.999296215255,0.786034850118,222.342874118,0.298961788331,0.465941427001,1.0
0.628344262862,0.0037899436812300004,0.132249660493,0.18664448587,0.0,0.0,0.0,0.0,0.0,0.0022996074389,0.0,0.0,0.000295234224941,0.0015000489811900003,0.123703557139,67.7942875481,31.8226135182,35.9716740299,99.61690106629999,60.133125218800004,25.311763744,34.8213614748,85.4448889628,182.43908274,60.056161914300006,122.382920826,242.495244654,58.2738936373,38.7187138278,19.5551798095,96.99260746520001,51.6150262049,31.6656128234,19.9494133816,83.2806390283,148.072394201,78.2653299637,69.80706423689999,226.337724164,4.40930734928,2.48594261742,175.609581048,19.9113366228,182.480827207,60.0766362502,4.32399116226,2.46398182159,172.83993559,27.7719324172,148.103687059,78.2787732747,0.981055098699,0.640478056426,0.8074573302859998,0.778176430251,0.601700597367,1.04428060336,1.00141207696,0.627458243534,195.2248727,0.318242608618,0.408962045901,1.0
0.7352877909099998,0.007706794267469999,0.0,0.243713288117,0.0,0.0,0.0,0.0,0.0,0.00182763458665,0.0,0.0,0.000229155178942,0.0013439214341700002,0.13405304085,70.97009680800001,39.6712886241,31.2988081839,110.641385432,35.77911309240001,22.6328985141,13.146214578299999,58.412011606499995,153.320385402,54.377084713,98.9433006893,207.697470115,57.994033478599995,42.310225438,15.683808040699999,100.30425891700001,28.5190016409,23.841871632600004,4.67713000829,52.3608732734,123.275831456,70.8102128707,52.465618585,194.08604432599998,4.59372987768,2.97067731243,202.13438763099998,27.3017518077,153.35406028,54.415225628900004,4.53231027177,2.91621180886,205.641182161,30.606498461799998,123.314376592,70.8272556941,0.994761540136,0.739159850118,0.8480311573269999,0.867052801724,0.572747110271,1.28379135874,1.02762233615,0.715523364028,194.554983,0.394251374837,0.353529518249,1.0
0.935164713662,0.00703938952148,0.0641600542059,0.0,0.0,0.0,0.0,0.0,0.0,0.000166951922737,0.0,0.0,0.0,0.000156127547022,0.212721525977,51.5703327988,19.9020511152,31.6682816837,71.47238391400002,28.1081776236,12.669269227100001,15.4389083965,40.7774468507,165.646316961,42.4318548167,123.214462144,208.078171777,49.3090437647,21.285471438,28.023572326700002,70.59451520270001,26.7391751567,13.4420034331,13.297171723699998,40.1811785898,159.47695435,47.5772101854,111.899744164,207.054164535,4.72834672801,3.02047307782,211.684898066,14.9539091615,165.64996891299998,42.433169364099996,4.71784789869,3.00525268876,213.068870616,16.0807081688,159.480370788,47.578749973,0.993909740087,0.940895008817,0.938517629492,0.996427434365,0.560050442998,1.66978657968,1.02747365437,0.910159311324,296.40019271200003,0.15766486704,0.356359099373,1.0
0.421609469121,0.00799195363882,0.397514924857,0.110753580429,0.0,0.0,0.0,0.0,0.0,0.00113272269576,0.0,0.0,0.0612797914296,0.0072645229232,0.354871086305,63.266789868500005,27.5595837541,35.7072061144,90.8263736226,33.1043446751,16.2289463002,16.875398375,49.333290975299995,127.973518861,42.0076750156,85.9658438452,169.981193876,55.68668262640001,33.6960958706,21.9905867558,89.3827784969,31.307363097600003,25.6514205805,5.65594251705,56.958783678100005,103.758173736,46.2684251449,57.4897485914,150.026598881,4.59872237573,3.00314768787,188.998550567,20.579297026400003,128.165865855,42.1963545727,4.55223590908,2.95610198072,181.96179467099998,31.8408520561,103.963475338,46.4774916855,0.9843490700880002,0.428312965321,0.80913507441,0.521061912226,0.678269497896,0.621595796993,0.994908924227,0.423766898511,71.7229199767,0.339831518446,0.51932517811,1.0
0.549184655249,0.00694580903482,0.0,0.0,0.0,0.0,0.0,0.0,0.0,0.000245269554738,0.0,0.0,0.0,0.000241844631661,0.339823788034,119.105611975,41.750382396599996,77.3552295786,160.855994372,59.985426115,20.4190163299,39.5664097852,80.4044424449,187.560396205,56.3036204458,131.256775759,243.864016651,112.310745861,48.9350203541,63.375725507,161.245766215,56.3578780123,22.2085858338,34.1492921786,78.56646384609999,163.553707876,70.776096791,92.7776110851,234.32980466700002,4.4611821539,3.03556136797,172.265251384,17.5665356255,187.567457778,56.2931927472,4.35896847853,2.97998878912,161.522415018,23.166251826999996,163.89314447,70.2972203706,0.981617161567,0.559469288793,0.7805732331919999,0.703565830721,0.554558985127,0.990308821925,0.99465764061,0.552134355408,199.65568250099997,0.320717049187,0.33633658624,1.0
0.746751898741,0.015236415883,0.07882561111239998,0.080047727849,0.0,0.0,0.0,0.0,0.0,0.0024433140057800004,0.0,0.0,0.0,0.00182454937304,0.0314334002729,64.8356275967,41.5163071433,23.319320453400003,106.35193474,48.730734123299996,30.8392441392,17.8914899842,79.5699782625,189.291463539,68.6929095215,120.59855401799999,257.984373061,52.8928720121,42.939040960700005,9.953831051480002,95.83191297280001,40.0071298246,31.966124222399998,8.041005602289998,71.973254047,155.654321366,87.561330993,68.0929903726,243.21565235900002,4.61869015302,2.76630881688,197.20652053799998,28.6896509809,189.30508585599998,68.7018514465,4.48713771625,2.59758406542,200.35486566900002,38.1339887284,155.672444406,87.55671440309999,0.975864477426,0.765220905172,0.815555397346,0.9156360207680002,0.650498986781,1.14796781227,0.9857589793510002,0.7575400421239998,154.590019913,0.402723276072,0.403811568506,1.0
0.600491552665,0.00848980903098,0.181998823971,0.0569678745813,0.134969077021,0.000920844314675,0.0,0.0138683313273,0.0,0.00296195591491,0.0,0.0,0.0,0.0017786295062699998,0.178032293246,78.87169013729999,38.190280367199996,40.68140977,117.061970504,41.159499859899995,23.7639357548,17.3955641052,64.9234356147,152.809249026,47.965708315200004,104.843540711,200.77495734099998,57.0099707337,41.4804010708,15.529569663,98.49037180450001,30.3225166536,23.7558521592,6.56666449442,54.0783688128,112.79967917299999,63.3951983299,49.4044808433,176.194877503,4.60207183004,3.03151954676,191.457954111,25.5430284396,152.917945453,48.0708332213,4.560611711469999,2.95461980157,192.833289454,28.7498026075,112.87387343299999,63.4709245392,0.947192856379,0.633969680643,0.890040150223,0.674679173197,0.564987574796,1.06284028084,0.975561345552,0.615534384796,93.95139792629999,0.39752027780199994,0.41348412467,1.0
0.471314873667,0.0068588674204,0.024980191430000003,0.269568802247,0.10819863505699999,0.00235007054516,0.0,0.0,0.012481725142899998,0.000883358766407,0.0,0.0,0.0215316873151,0.00622061128527,0.341840535046,104.72575201,43.5253101492,61.2004418608,148.25106215899999,54.832267594399994,25.3733094635,29.4589581309,80.2055770579,159.642617895,55.2701368696,104.372481026,214.912754765,80.83072100309998,49.9482794665,30.8824415367,130.77900047,43.9030631612,31.8835684196,12.0194947416,75.7866315809,110.62500612299999,68.2000118965,42.424994226100004,178.82501801900003,4.45666625216,3.03954810736,172.557306952,22.932023843899998,159.668040142,55.300586587,4.2307629851,2.80431564124,154.63195839,49.330901324799996,112.375104085,67.8792997561,0.9525502012200001,0.494792687108,0.75127034291,0.627357219828,0.68532990863,0.687719691978,0.979961499704,0.480952439263,85.92906976440001,0.675848371224,0.52144439607,1.0
0.666877273784,0.00186698773357,0.0,0.0498091774425,0.0,0.0,0.0,0.0,0.0,0.00164800259547,0.0,0.0,0.0,0.00109901547806,0.0886993899429,72.7281520448,16.0350256649,56.6931263799,88.76317770969999,47.359303984099995,14.548878954100001,32.81042503,61.9081829382,140.90690283,48.8411533796,92.0657494506,189.74805621,65.9386755486,17.6772846923,48.261390856300004,83.61596024089998,41.4365969093,15.4591740192,25.9774228901,56.895770928500006,108.97319810399999,62.1111490574,46.8620490471,171.084347162,4.58763934449,2.94427876249,163.823134181,24.2841816946,141.280901298,48.1484450659,4.43819966088,2.59217993165,149.25873395899998,32.3171729406,113.258259453,57.096944323900004,0.96496313492,0.691090933582,0.875588695557,0.7616330329149998,0.634601606107,1.0508597321,0.977309980597,0.682360036246,96.82087975610001,0.4797037444,0.436726063229,1.0
0.470573240807,0.00789866127681,0.315692889372,0.163227514752,0.0799559121258,0.007604699803209999,0.0,0.021978670126900003,0.0125627298033,0.000676574261641,0.0,0.0,0.0135598313908,0.00253171532132,0.0943950184949,97.767020247,39.7023181871,58.0647020598,137.469338434,57.63463874399999,25.8053921121,31.829246631900002,83.44003085609998,195.745649533,53.8667796649,141.87886986799998,249.612429198,88.9591129506,50.4705163525,38.4885965981,139.42962930299998,53.844818402200005,34.635146315,19.2096720872,88.47996471719999,149.203183165,70.8499177864,78.3532653787,220.053100952,4.64230581462,3.04803442176,182.521354475,24.4005045273,195.78860531700002,53.8868084697,4.50190587755,2.94253917925,166.210196659,38.1087678504,150.22753294,71.632175035,0.950328114677,0.495169230016,0.8509403823529998,0.553003771552,0.628545181176,0.7486705091369998,0.991738964548,0.474493044671,145.853739397,0.360807533155,0.412666853892,1.0
0.556480391677,0.010831878303799999,0.336790517049,0.0,0.0296305833756,0.0425933616856,0.0,0.0,0.0,0.00244804561177,0.0,0.0,0.0,0.00136228938088,0.127223360976,23.670575769099997,37.5423335328,-13.871757763800002,61.2129093019,8.08383706949,23.168713758600003,-15.084876689100001,31.2525508281,135.397064879,83.5229130294,51.8741518496,218.919977908,16.7852909483,31.167393029699998,-14.382102081400001,47.952683978,5.53064998041,18.1726190425,-12.641969062100001,23.7032690229,94.1371503967,86.3113949639,7.82575543288,180.448545361,4.19752774076,2.38135412715,244.195619829,29.4809422104,135.411054195,83.51384913529999,4.04768088665,2.3320118471,224.05734779099998,73.3764207058,94.1964880486,86.25615115469999,0.952638203619,0.584146625196,0.792076772145,0.702558654976,0.616171889309,0.903125250165,0.9657312345850002,0.57622697884,124.57599410799999,0.257604019287,0.22173185654,1.0
0.495073956797,0.00355972007729,0.449966961706,0.0146318343168,0.0,0.0,0.0,0.0,0.0,0.0023373894480700004,0.00532519434093,3.03887108314e-05,0.0,0.00116330329154,0.143452445704,119.48839851299999,48.2288025056,71.25959600770001,167.717201019,72.8008545214,28.9556008549,43.8452536665,101.756455376,202.633420185,57.420347357299995,145.21307282799998,260.053767542,83.92171887249998,61.678004691400005,22.243714180999998,145.599723564,52.8196175793,38.0049976189,14.8146199604,90.8246151983,147.727970709,88.3828150552,59.3451556541,236.110785764,4.55408800999,2.98125714819,167.355336437,24.912341972600004,202.69671898299998,57.443551238299996,4.43934552613,2.7928253916,180.371133547,41.9836900094,147.760846273,88.409165572,0.9728855800620002,0.50887171826,0.7997491663770001,0.619036539969,0.596117576641,0.830497163976,0.981446803123,0.504432797806,94.00500901900001,0.348108539504,0.326317238624,1.0
0.676251577482,0.00973692058132,0.0663591776346,0.113499036223,0.0,0.0,0.0,0.0,0.0,0.00442278301244,0.0,0.0,0.0,0.00299091398903,0.220081666373,107.92628466,37.4958556559,70.43042900419998,145.422140316,36.63443938,22.6266859704,14.007753409500001,59.2611253504,133.303932208,51.262699676800004,82.0412325315,184.566631885,110.06086831399999,51.1011540343,58.9597142798,161.162022348,39.4618099775,27.9248116246,11.5369983529,67.386621602,106.70910988899999,61.3988245342,45.3102853551,168.107934423,4.09954197563,2.91287496986,189.107222313,28.1312143254,135.929097256,49.290791595900004,3.98779876434,2.62906838612,189.873597913,31.5053606935,129.551537397,58.247284591,0.972171351278,0.695609448472,0.869051663909,0.778148878331,0.651625634462,1.03779155042,1.00018398583,0.676127179663,81.71692078409998,0.456375879187,0.322501545778,1.0
0.563231188341,0.0168298652729,0.240336251076,0.212123445087,0.0151800755079,0.0269517665607,0.0,0.000541475959566,0.0,0.0013859987714999998,0.000985817636577,0.001210028934,3.95035322836e-05,0.00078063773511,0.309685434017,130.09405857299998,41.8867208327,88.2073377401,171.98077940599998,43.843351518599995,22.5930256842,21.2503258344,66.4363772029,198.842021551,40.917733373699996,157.924288177,239.759754925,98.9663468603,53.669502897600005,45.2968439627,152.635849758,31.751545968800002,24.886780554,6.86476541483,56.6383265229,143.395076166,78.4611877441,64.9338884216,221.85626391,4.35778456116,3.01181629095,199.95974812,21.990509106100003,199.035838558,40.7865862092,4.2142240675,2.89191495136,206.741774221,27.536851321599997,145.067098109,76.22430980189999,0.9827356091060001,0.573125857171,0.89461453621,0.629579741379,0.70596971162,0.7978121144159998,0.995378885498,0.565846027625,74.16402826879998,0.422789161627,0.415763936269,1.0
0.278843305414,0.00921887669542,0.0439031286857,0.182529393336,0.0,0.0,0.0,0.0,0.0,0.0176137021943,0.0,0.00401256632409,0.228058562663,0.0467868890977,0.180808675148,128.709868146,37.0323132651,91.6775548805,165.742181411,110.33450188399999,33.790169597100004,76.5443322866,144.124671481,133.973995396,34.092266771300004,99.88172862430001,168.06626216700002,120.14108024,45.4902515083,74.65082873129998,165.63133174799998,114.063762923,44.90739661520001,69.15636630770001,158.971159538,126.105160362,44.252097677799995,81.85306268399998,170.35725804,4.1165900351,2.79693406309,50.4715362076,15.9045238208,136.2895563,35.322526980300005,4.03329496678,2.52718287489,30.6437088816,19.7073788472,127.400801809,44.8176908146,0.884278569622,0.315334234023,0.711271865654,0.392034774436,0.505173646017,0.551975162626,0.932206476778,0.299121828008,87.4839536953,0.594049638557,0.659824251667,1.0
0.492830618239,0.00600128839741,0.124076008244,0.218095272739,0.029922945863299997,0.0,0.0,0.0207197852309,0.00288846492737,0.0017392808293,0.0,0.00222056789645,0.239239857139,0.0533099039969,0.227168784537,114.896700775,24.973084965199998,89.92361581,139.86978574,96.1413457364,24.717133429,71.4242123074,120.858479165,152.6464,27.423804341500002,125.22259565899999,180.070204341,101.740858885,50.4954783033,51.245380581899994,152.23633718899998,89.8306567153,49.3490102325,40.4816464828,139.179666948,129.561489763,54.3063914629,75.2550983001,183.86788122599998,4.60121979602,3.07030967014,96.7208310078,22.7029525695,152.682418605,27.428289436999997,4.49123824489,2.79405605406,87.99744379409998,42.2278118844,130.217730579,54.258737624,0.962070114271,0.512260604428,0.813291023882,0.60597080721,0.666657688176,0.739255883461,1.0028348321,0.491437475509,87.2042884411,0.32903884974,0.467436417179,1.0
0.378772175994,0.00608994675456,0.085669135895,0.160836464288,0.0460099777568,0.0014060864338599998,0.0,0.0140819668593,0.00292209440153,0.00373329371032,0.0,0.00328713288638,0.0858104355823,0.0159801136364,0.150802334225,106.291717742,33.9544175821,72.33730015979998,140.246135324,85.94291935479998,32.7831341845,53.1597851703,118.72605353899999,131.039169355,36.596882331799996,94.44228702299999,167.63605168700002,95.31212957970001,44.651808552,50.66032102770001,139.963938132,87.8543023854,45.239377101,42.6149252843,133.093679486,120.239309855,50.5985684932,69.6407413618,170.837878348,4.45968369256,3.0134715798400005,93.5023225806,29.021200444699996,131.161459677,36.7223963059,4.07629989911,2.57797103996,79.5300622061,40.2648217932,120.61744771299999,50.7311543692,0.955481793777,0.396420087187,0.824942686697,0.45914968652,0.670613944333,0.56481404718,0.980584602083,0.38627179663000005,144.41099568299998,0.635250830155,0.642227461817,1.0
0.244040369626,0.00326224337697,0.10298327868599999,0.184221837736,0.0101396948376,0.0409792964831,0.0,0.0,0.000342648355073,0.024913051762,0.0,0.00205112315167,0.0633795189603,0.0182791682994,0.319735748392,149.586994859,32.5394847851,117.047510074,182.126479645,132.67727289799998,33.2262333959,99.45103950200001,165.903506294,199.44768801700002,35.0960537143,164.351634302,234.54374173099998,86.5222895033,63.2478680652,23.2744214381,149.770157569,81.2543225901,57.400597044099996,23.853725546,138.654919634,116.170938235,74.4346503413,41.736287893400004,190.60558857599997,4.65266332487,3.03599683585,87.3391867722,19.5925541974,199.539979738,35.109993574200004,4.14641238625,2.46380121046,99.76339023320001,61.180951740699996,116.51502498,74.81306494409999,0.980688806087,0.248845880682,0.76824056994,0.317661393025,0.663472216228,0.36782304316,1.00564212161,0.242671189263,101.927087129,0.30381568444,0.447681379122,1.0
0.291223182798,0.015168022293200002,0.329862259608,0.172198888127,0.00289960248402,0.0099566334526,0.0,0.0,0.0,0.00575003836863,0.0,0.0,0.135520481851,0.025011020768,0.241426007866,156.522076097,30.4704577469,126.05161835,186.992533844,85.2833710882,21.7477977186,63.5355733696,107.03116880700001,213.02403725099998,33.7359039971,179.288133254,246.759941249,131.244354918,45.8403670208,85.40398789689999,177.084721938,81.85806475309998,36.6679852474,45.1900795058,118.526050001,145.397632372,60.0399507832,85.3576815885,205.437583155,4.34080438439,3.00909090027,151.97506082700002,23.9016351042,213.28131554700002,33.5206511063,4.01377929502,2.75032255727,112.73664038,35.69079675790001,152.197887074,58.3883944358,0.9518215018260001,0.305964072296,0.7540409004439999,0.38621669279,0.472793022334,0.615963368833,0.98968799742,0.294257567594,202.292510327,0.335499093441,0.339831518446,1.0
0.476680475041,0.00835960069765,0.0848012204,0.277511942767,0.00448658107444,0.00941213519193,0.0,0.0,0.0,0.00365663416636,0.0010986138795899998,0.0,0.08798584875659998,0.0261743240596,0.044878748997,102.17907300200001,31.2989464496,70.8801265526,133.478019452,59.81119038,20.266682551800002,39.5445078283,80.0778729318,173.286380914,55.3503357491,117.936045165,228.636716663,128.164227812,62.3003085295,65.863919282,190.46453634099998,81.4028029487,47.3249778819,34.0778250667,128.727780831,136.629898119,66.21422506430001,70.4156730549,202.844123183,4.52548454501,3.02802161343,162.66592312,23.9638928221,173.470588235,55.1982143726,4.45645314914,2.5804148225,143.63116550700002,44.3308243679,168.057145744,63.568681016499994,0.953927484699,0.499703051528,0.864544616561,0.55136596297,0.651623954885,0.7315269358449998,0.9945043287380002,0.479314630682,109.09394827,0.292156036121,0.267041601892,1.0
0.615431944476,0.00525077169387,0.31358707031,0.046959684638,0.0109185437988,0.017741269196,0.0,0.0,0.0,0.00777478348418,0.0,0.0,0.0,0.00478485011755,0.172243996627,109.434649867,55.0341309878,54.4005188797,164.468780855,61.7451871047,35.26938721030001,26.4757998945,97.014574315,198.38721591799998,74.94253384619999,123.444682071,273.32974976400004,91.23069834930003,51.3076931689,39.9230051804,142.538391518,54.521854795299994,31.1507905988,23.3710641965,85.6726453941,158.468921434,83.673779505,74.7951419292,242.142700939,4.57621110257,3.0171665794700004,175.40333502099998,28.600084945,198.404546312,74.9313255724,4.5306851125,2.97705718068,158.00059083600001,35.8903821248,158.597689925,83.5083192135,0.930991299528,0.66105015674,0.69471978317,0.8858707631269997,0.584082809269,1.05367241547,0.925829129847,0.664735991379,126.50138743299999,0.363046181234,0.344934144842,1.0
0.627448855473,0.00593533186198,0.394954949309,0.0528224931234,0.00527178078324,0.00840192907718,0.0,0.0,0.0,0.00228825211041,0.0,1.55021450257e-05,0.0,0.0014418838166099998,0.412636153105,106.38300309,21.4670623498,84.9159407399,127.85006543899999,48.401194920100004,13.5295022975,34.8716926226,61.9306972176,222.388017661,39.5734957387,182.814521922,261.961513399,91.1909041928,28.0380931102,63.1528110826,119.22899730299999,44.340997869300004,13.364395899000002,30.976601970300003,57.7053937684,169.34257751299998,78.89650949109999,90.44606802160001,248.23908700400003,4.60315635752,3.08520324209,198.37375366700002,14.7975618393,222.391346088,39.573978257600004,4.42375339887,2.8763581907700004,173.194415532,39.5870213863,170.505421606,77.27262996649999,0.996397359922,0.62971750098,0.8642264013039997,0.726023706897,0.658352428563,0.953059225197,1.0260052228,0.611545479036,140.27629176899998,0.449318543355,0.557232619553,1.0
0.570135339353,0.00855320846011,0.212170805577,0.262682406917,0.052376992382,0.0157845143777,0.0,0.0216981584203,0.010501980509799998,0.0020457679703,0.0,0.00336186024858,0.000198119532575,0.00311030564263,0.0530623633588,42.3710423489,17.4018366328,24.969205716199998,59.7728789817,30.377710123299998,13.2177517378,17.1599583855,43.5954618612,62.9086236191,20.9572951267,41.9513284925,83.8659187458,69.8039833954,43.8149200322,25.989063363200003,113.618903428,45.70741697689999,26.6291821979,19.078234779000002,72.3365991748,121.205849579,79.0485500928,42.157299486,200.254399672,4.47326682338,2.89311032556,129.189232938,25.850224611799998,63.2329915474,21.569742308800002,4.54197830417,2.94717528828,146.21487436299998,31.4819750109,121.396254776,79.007066038,0.900179464507,0.633357415752,0.781639551643,0.72940953174,0.577287434881,0.987610858827,0.94408208797,0.603904413205,101.940391884,0.51713199876,0.554940855965,1.0
0.560897666767,0.00913475205913,0.147885273085,0.294300126007,0.0050613297337,0.00902362415389,0.0,0.0,0.0,0.00308371458383,0.0,0.00215254511508,0.0435325767712,0.014709663989,0.316231928726,89.7984316162,16.849075282,72.9493563341,106.64750689799999,66.1684677468,13.784245634000001,52.384222112799996,79.9527133808,102.775815936,31.661283233899997,71.1145327017,134.43709917,106.26405454100001,34.329929173800004,71.9341253668,140.593983714,79.20442300159999,29.5429948806,49.66142812100001,108.74741788200001,115.34178156799999,41.6121198811,73.72966168719998,156.95390145,4.11481562807,2.69994425455,91.64736431950001,26.2608332042,106.582252958,28.8721373815,4.02670197957,2.73679806253,84.2592513225,25.855508499299997,119.69074194299999,40.0497682713,0.953965845588,0.587964096787,0.776697407069,0.722157254114,0.646023702758,0.868230785297,0.978935944793,0.572966668299,101.92683839899999,0.61885255431,0.404180641988,1.0
0.640027981706,0.00271838408169,0.127832685533,0.3615097996,0.00311072582442,0.00486029660161,0.0,0.0,0.0,0.00113359714844,0.0,0.0,0.043687260656,0.0165189067398,0.226305925111,20.1263107608,11.891634263299999,8.234676497429998,32.0179450241,16.6879589156,9.48081699231,7.207141923250001,26.1687759079,23.199412397,12.443598708800002,10.7558136882,35.6430111058,31.1561979575,34.6156238415,-3.45942588405,65.771821799,24.7307167173,31.4206024027,-6.68988568539,56.15131912,37.8215431524,37.800638013400004,0.0209051390648,75.6221811658,4.06275192952,2.31658020462,72.2892057805,44.2299664505,24.362001671999998,13.061248281500001,4.14318125802,2.43181721159,83.0982440243,48.884027212700005,38.985470954200004,37.9667578059,0.930518873029,0.687818377743,0.8471911321149997,0.755470586795,0.593065925296,1.07918522108,0.967182082004,0.66174507739,104.958065167,0.608949467893,0.439186330271,0.0
0.535768358823,0.0104688772551,0.199776523315,0.291974143694,0.00512165583318,0.00955945932386,0.0,0.0,0.0,0.00325692047425,0.0,0.0,0.126668273531,0.0387288156348,0.298877811077,96.1737763833,20.967873349,75.20590303439998,117.141649732,75.9740559042,15.5718766652,60.402179239,91.54593256940001,130.94254421,35.796810537199995,95.1457336727,166.73935474700002,108.87446120700001,43.341361011800004,65.5331001951,152.215822219,86.7934095807,38.404915147800004,48.388494433000005,125.19832472799999,136.293256514,44.4211195508,91.87213696370002,180.714376065,4.47423742549,2.91273153995,101.463320023,30.313266206199998,131.479446663,35.800664373400004,4.36895348718,2.83409483861,93.1645890478,32.7001060131,138.004757298,45.6914815956,0.8939214885059998,0.599346101097,0.797459008938,0.671844386755,0.61635305225,0.8692556268960001,0.946563123443,0.56601440047,100.588982444,0.320813525228,0.292906166419,1.0
0.280921333806,0.00327567718898,0.167750735678,0.389458011114,0.00149720375023,0.00532961925656,0.0,0.0,0.0,0.0,0.0,0.0,0.127850604638,0.0497924422022,0.18183064492,60.9954995597,22.743765903299998,38.2517336564,83.73926546309998,49.5654357491,16.0411291075,33.5243066417,65.6065648566,57.7113521975,21.137302593399998,36.5740496041,78.8486547909,94.7610697492,57.4910336125,37.2700361367,152.252103362,78.821218652,50.3675319773,28.4536866748,129.188750629,106.543972864,55.6051816617,50.9387912027,162.14915452600002,3.4660860912,2.27282904315,54.633246730699994,21.490307465900003,63.8057309954,23.506156934699998,4.14553824237,2.46676032405,75.3616801773,32.4895907858,110.827880094,56.7073667011,0.978520129407,0.287087945729,0.813545154223,0.345305152821,0.769924611731,0.364868624182,0.987003099993,0.284620518221,26.6730566416,0.203055521552,0.235967350634,0.0
0.7534199315989999,0.00419313811928,0.106963216566,0.144081547441,0.0215709084378,0.0285701556512,0.0,0.0,0.0,0.00197473363922,0.0,0.0,0.000616167792947,0.00157658209248,0.188352302998,21.8195113439,22.3545465108,-0.535035166887,44.1740578548,24.7304762794,19.3284201583,5.40205612102,44.05889643770001,86.77682190959999,52.890480761599996,33.886341148,139.66730267100002,25.0666358493,21.64623188,3.42040396931,46.712867729399996,26.2456957778,17.8737688298,8.371926948049998,44.1194646076,81.4076857612,48.4722920938,32.9353936674,129.879977855,3.7454057881,2.53092998755,189.47750485900002,44.702397031800004,87.1093531252,52.700226118,3.83880933786,2.49675324839,176.456556745,48.582312837299995,81.69866158889998,48.3353060404,0.984609856041,0.765196414577,0.8367473163759998,0.9004151155959998,0.59677031627,1.26249565546,1.00779730627,0.747590737657,212.090109198,0.259605702237,0.38723150118,1.0
0.749419152702,0.0109550996143,0.2597829605,0.0,0.0183356527368,0.0243843862971,0.0,0.00144630946392,0.0,0.013725315271299998,0.000279442867632,0.00020176333576599998,0.0,0.010286050156700002,0.146582571156,28.903543315100002,37.9159255394,-9.01238222433,66.8194688546,26.9762745202,31.819576975500002,-4.84330245525,58.7958514957,125.12946179,70.0645010994,55.0649606905,195.193962889,32.0538701264,34.1339799167,-2.08010979036,66.1878500431,26.864441491999997,28.002904955100004,-1.13846346315,54.8673464471,109.61558336600001,67.3692849983,42.2462983677,176.98486836400002,3.9090999886400004,2.40939108113,206.904204397,40.3709513707,125.320444965,70.1146654206,4.04280244297,2.473445091,192.00376542900003,45.5968624779,109.854743216,67.3527559299,0.997617081366,0.751209223158,0.8352773919149998,0.8972099088949999,0.561187501424,1.3354166848,1.03055110714,0.72720231681,213.423383859,0.326661909688,0.349938262985,1.0
0.614198985515,0.0018867826736,0.186540454998,0.313581633311,0.010207273699000001,0.0166188384215,0.0,0.0,0.0010010684675,0.00258221891928,0.0,0.0,0.0625033286307,0.0225710761278,0.26058639435,70.2497017703,28.459161246999997,41.7905405233,98.70886301729999,61.050317316400005,21.428391276099997,39.6219260403,82.4787085926,138.865319464,50.9655389029,87.89978056079998,189.83085836700002,107.63699776799999,68.67728745689999,38.9597103109,176.314285225,83.1884692199,46.010216727,37.178252493,129.198685947,122.81374823799999,51.653331191099994,71.16041704670002,174.46707942900002,4.41062014809,2.64800828787,135.836641695,40.138791065599996,138.905162953,50.9494054424,4.74489915281,2.39855088058,130.829197016,39.0692949711,152.54944490100002,60.821334418,0.994164347936,0.617804276316,0.885343115464,0.69374118891,0.606009773377,1.01351333344,1.02490918736,0.599271616541,107.409857921,0.6845712466509999,0.509393362585,1.0
0.778044481164,0.00889871794133,0.130728182241,0.100935552758,0.0179063590072,0.0230145697844,0.0,0.0,0.0,0.00693283457947,0.0,0.0,0.0,0.00539405368339,0.0609489526214,17.4467664546,34.1185106144,-16.6717441599,51.565277069,15.7525709997,28.842124789299998,-13.0895537896,44.594695789,69.0343612092,54.0079779019,15.0263833073,123.042339111,21.4704796483,36.125605876,-14.6551262276,57.5960855243,18.5504628723,30.278443392800003,-11.7279805205,48.828906265,69.7038995151,61.0211374247,8.68276209038,130.72503694,3.88579164521,2.40035411486,220.144663677,44.432760564300004,69.29667194560001,54.0502665119,3.93904219705,2.40529477806,210.30329459700002,49.502057250600004,70.1433097815,60.833774106999996,0.9682199586250002,0.803582361873,0.8266963037,0.941149098746,0.623487565227,1.24789093569,0.976827367148,0.796501518417,187.09757413,0.437929016977,0.425660642243,1.0
0.627596267249,0.00910957716747,0.247757189671,0.0704575227426,0.103100917581,0.0496797237764,0.0,0.0226105390672,0.0,0.0148823397918,0.0,0.00123561477892,0.0,0.00964623334639,0.21788774204599998,33.346152160900004,41.510866670700004,-8.164714509759998,74.8570188316,22.4357232925,35.1595488118,-12.7238255194,57.5952721043,64.5881860361,50.169898583,14.4182874531,114.758084619,38.330313847,37.3255237894,1.00479005758,75.65583763639998,28.0647806867,31.1855664186,-3.12078573191,59.250347105299994,77.606968799,51.3129825996,26.2939861994,128.91995139899998,4.24098004653,2.62136761283,183.63182749799998,44.8424562268,65.5256303523,50.6335858628,4.27639025322,2.61089534092,175.5031899,40.7565324809,78.23808226389998,51.423751145,0.8680714173329998,0.722977689067,0.753030686717,0.8334272139499997,0.534425232095,1.17433876539,0.925097520721,0.678410927704,119.487737919,0.39817790343,0.452780192558,1.0
0.601332228375,0.00230755434031,0.147826891826,0.248936231771,0.0168045943397,0.0279456073477,0.0,0.0,7.70651172752e-05,0.0018225435157,0.0,0.0,0.046472725242,0.0126646992555,0.42991060433,61.538291137600005,43.1515890941,18.3867020436,104.68988023200001,37.0200893197,28.904732203600002,8.115357116129998,65.9248215233,62.96947988270001,37.502716713000005,25.4667631697,100.472196596,73.65459382349998,51.2280758442,22.426517979299998,124.88266966799999,48.7337351832,38.5101578077,10.2235773755,87.24389299089998,81.3282780662,49.0777271507,32.2505509155,130.406005217,3.94800335291,2.75056993715,135.04903440200002,48.93592627939999,68.3486314977,41.8187312565,4.02523168261,2.7088731595,127.636920797,46.8313717449,86.4851740057,52.403159368000004,0.939091263008,0.640334174177,0.706563097171,0.8510665654389998,0.574321631571,1.04703043612,0.964545764488,0.623435663205,173.642263355,0.640406967407,0.51256383707,0.0
0.808426505643,0.00285453498602,0.0,0.0,0.00844901538201,0.0104511855104,0.0,0.0,0.0,0.00309379029429,0.0,0.0,0.0,0.0025011020768,0.094302547609,29.0881655529,14.489221179300001,14.598944373599998,43.577386732200004,29.1920521286,14.622920728499999,14.5691314001,43.8149728571,32.360244759299995,17.074424371400003,15.2858203879,49.434669130799996,29.4434389694,13.2372413012,16.2061976682,42.6806802706,29.641586255900002,13.311455445,16.3301308109,42.9530417008,32.6078320925,15.6665671353,16.9412649572,48.2743992278,3.9540824767400005,2.27279445798,57.9234824505,29.0373370671,34.5374305563,16.1953760848,3.96562281787,2.28711709929,55.636274858,28.515410393099998,34.7139712725,14.793606680999998,0.9718409467800002,0.831850631857,0.8113250175199997,0.996427434365,0.566478104561,1.42710989028,1.01077216685,0.799810810149,254.646439437,0.468110009031,0.476520414125,0.0
0.477295777245,0.00670500885503,0.227600517088,0.301269549258,0.00748717124977,0.0156866488386,0.0,0.0,0.0,0.0117823230067,0.0,0.00604604667119,0.11944697682800001,0.042717721395,0.245919254358,88.40709040979999,29.080739709299998,59.3263507004,117.487830119,65.3039286606,25.5803293371,39.7235993235,90.8842579977,83.28448060639998,34.8619538494,48.4225267569,118.14643445600001,106.659207239,44.372725361,62.286481878400004,151.03193259999998,82.9633008425,42.5410065766,40.4222942658,125.504307419,109.053328272,55.781545259,53.271783013000004,164.834873531,3.66262086746,2.33728543332,78.97343336899999,27.1066184958,94.2571009724,32.1970462896,3.87823897084,2.48898300034,74.75731350409998,28.8219727454,117.00963704899999,52.2125484741,0.950627888785,0.502084761951,0.774546332289,0.616226244122,0.564141454553,0.846056912487,0.990404958721,0.48191981779,138.911242135,0.200209199196,0.339334446236,1.0
0.610160367782,0.00272640355123,0.298345132038,0.0,0.0281850859956,0.0461929149841,0.0,0.0,0.0,0.0218952600191,0.0,0.0,0.0,0.0159831749608,0.10492874733999999,73.46586198609998,33.856824269200004,39.6090377169,107.322686255,44.657984059899995,35.514452631,9.1435314289,80.1724366909,97.00738931049999,67.135577599,29.8718117115,164.14296691,80.2419548393,32.698141649200004,47.543813190200005,112.940096489,49.9692551185,32.728614608,17.2406405105,82.6978697266,103.504549128,66.1438628746,37.3606862535,169.648412003,4.37670801515,2.42661083884,149.832363778,34.5237837146,107.23895107799999,58.2268907081,4.24375613239,2.45902392505,141.193904291,33.9871535208,112.81759404399999,57.8992515453,0.951236315077,0.641439312304,0.681540893634,0.8952659678679998,0.559964455737,1.08964124692,0.9168727319890002,0.665479893221,141.328330929,0.356887640947,0.35391128252,0.0
